1ma.dev,2025-08-23T22:31:10.825824Z,domain deactivated/invalid
33765910.at.webry.info,2025-08-02T20:24:49.151964Z,domain deactivated/invalid
3chome-no-cat.com,2025-08-23T22:30:53.477176Z,domain deactivated/invalid
69rus.org,2025-08-23T22:46:02.783278Z,domain deactivated/invalid
789betio.com
9mphoto.com
aas.org
about-me.html
againstthewoodgrain.com,2025-08-23T22:44:02.987483Z,domain deactivated/invalid
aiphase.de
akris.ch,2025-08-23T21:19:36.233476Z,domain deactivated/invalid
alertdiver.eu
alexanderslostworld.com
alluresecurity.com
alsirah.com,2025-08-23T22:51:52.307458Z,domain deactivated/invalid
amina-altai.mykajabi.com,2025-08-23T22:44:49.246125Z,domain deactivated/invalid
anderstorpraceway.net,2025-08-23T22:26:04.057750Z,domain deactivated/invalid
anemourion.blogspot.gr,2025-08-24T03:25:11.848333Z,domain deactivated/invalid
anniebwills.com,2025-08-24T02:18:21.763958Z,domain deactivated/invalid
api.firecrawl.dev
apkzoom.co
app.rari.capital
archevore.com,2025-08-24T03:09:30.713009Z,domain deactivated/invalid
archives.bape.gouv.qc.ca,2025-08-23T22:45:32.457566Z,domain deactivated/invalid
archivorjalfaro.org
arigatotravel.com
arosv.com,2025-08-24T03:12:55.820455Z,domain deactivated/invalid
artbank.us12.list-manage.com,2025-08-23T22:43:36.575640Z,domain deactivated/invalid
artyomovlab.wustl.edu,2025-08-24T02:07:51.248621Z,domain deactivated/invalid
as-saintagnan.footeo.com
ashclinicalnews.org,2025-08-23T22:27:31.776293Z,domain deactivated/invalid
auctionofwawines.org,2025-08-23T22:30:36.098232Z,domain deactivated/invalid
avanzados13.rssing.com,2025-08-23T23:16:04.120961Z,domain deactivated/invalid
badfacts.substack.com
ballaratgenealogy.org.au
barnyardorbit.com
barrusheatingandair.com
basecamp.show,2025-08-23T22:59:41.211431Z,domain deactivated/invalid
battlefront-forums.ea.com
bazenlaguna.cz,2025-08-23T22:47:15.551408Z,domain deactivated/invalid
bbs-lombard.com,2025-08-24T00:00:49.366165Z,domain deactivated/invalid
bcps.journals.ekb.eg
beanninjas.com
beatory.site,2025-08-23T22:51:05.282839Z,domain deactivated/invalid
beauticurve.com,2025-08-23T22:52:51.490690Z,domain deactivated/invalid
bellyupsb.marqueehq.com
bethlehemdevelopment.org,2025-08-23T22:46:47.969570Z,domain deactivated/invalid
bettercallsaul.com,2025-08-23T23:59:45.295974Z,domain deactivated/invalid
biami.io,2025-08-23T23:41:35.436054Z,domain deactivated/invalid
bigclive.com
bigcouch.cloudant.com,2025-08-23T23:37:44.144765Z,domain deactivated/invalid
blackmountain.bike,2025-08-23T23:17:56.024057Z,domain deactivated/invalid
blago.if.ua,2025-08-02T21:08:24.077797Z,domain deactivated/invalid
blgmndybrn.ch
blockblend.io,2025-08-23T23:48:48.202862Z,domain deactivated/invalid
blocksplain.com
blog.bigbinary.com
blog.ginshio.org,2025-08-23T22:52:42.849533Z,domain valid
blog.mybespokeroom.com,2025-08-23T23:47:25.683523Z,domain deactivated/invalid
brovedanigroup.com,2025-08-02T21:08:32.413112Z,domain deactivated/invalid
brucknerdiskografie.nl,2025-08-23T22:32:11.585088Z,domain deactivated/invalid
brynnsbubble.com,2025-08-23T23:45:27.360607Z,domain deactivated/invalid
btstravel.be
caffepiazza.com
camphack.nap-camp.com,2025-08-02T20:22:12.114501Z,domain valid
canadesebegraafplaatsholten.nl
celebrity.com,2025-08-02T19:51:16.794202Z,domain deactivated/invalid
celliant.com
cenntroauto.com,2025-08-23T22:43:45.418194Z,domain deactivated/invalid
cestarcollege.adobeconnect.com
charliepalmersteak.com
chase.be,2025-08-23T22:53:17.837022Z,domain deactivated/invalid
chemistrytalk.org,2025-08-02T20:00:41.289786Z,domain valid
chinasprout.com
chollox.com
ci.manhattan-beach.ca.us,2025-08-23T23:16:12.814247Z,domain deactivated/invalid
classic-campers.com,2025-08-23T22:29:52.404652Z,domain deactivated/invalid
clutchingmyrosary.com,2025-08-23T23:48:17.603517Z,domain deactivated/invalid
cns.physics.gatech.edu,2025-08-23T22:25:31.617588Z,domain deactivated/invalid
cois.org
coldtransmission.com
content.magnumphotos.com
craft-village-nishikoyama.com
craigmcelhaney.net,2025-07-31T00:39:06.854010Z,domain deactivated/invalid
creativefreedomrpg.com
crittendenrealestatefinance.com,2025-08-02T20:35:18.950940Z,domain valid
daftsex.com
damekoret.no,2025-08-23T23:36:51.250124Z,domain deactivated/invalid
damianofusco.com
dancelimerick.ie
dangerdog.com,2025-08-23T22:24:39.929594Z,domain deactivated/invalid
dashboard.accessibe.com
davaotoday.com,2025-08-23T22:44:27.436859Z,domain deactivated/invalid
deane247.com,2025-08-02T20:52:18.442332Z,domain valid
demetriazinga.com,2025-08-23T22:31:19.697227Z,domain deactivated/invalid
diegeschichtederbremereiswette.de
dieting-review.com,2025-08-23T23:16:26.113494Z,domain deactivated/invalid
digital-commerce-award.ch
digitallyyourz.com,2025-08-23T23:45:36.089808Z,domain deactivated/invalid
dinosaursudbury.com,2025-08-23T22:26:39.321177Z,domain deactivated/invalid
docs.chiliz.com
docs.nubit.org,2025-08-02T19:51:56.816951Z,domain deactivated/invalid
domains.csv,2025-08-02T20:21:13.135186Z,domain deactivated/invalid
duken.nl,2025-08-23T22:27:23.255919Z,domain deactivated/invalid
dumultien.over-blog.fr
dynamic-ridesharing.de
eat.sina.com.cn,2025-08-24T02:17:52.770066Z,domain deactivated/invalid
ebimpact.org
ebnjapan.org
eclahol.260mb.net,2025-08-23T23:42:55.724552Z,domain deactivated/invalid
ecosc.io
efmedispa.co.uk,2025-08-23T21:20:06.899794Z,domain deactivated/invalid
einkuechenhaus.com
eki04.haurtzaroikastola.eus,2025-08-23T23:45:44.756326Z,domain deactivated/invalid
endex.ai,2025-08-02T20:03:23.514384Z,domain valid
esdinds.eu,2025-08-23T23:59:06.162421Z,domain deactivated/invalid
eshonkhor.mn,2025-08-24T03:12:17.346628Z,domain valid
estore.asm.org,2025-08-23T22:47:07.045703Z,domain deactivated/invalid
etudeperspective.ca
experiment.vacau.com
factcenter.org,2025-08-23T22:23:43.475366Z,domain deactivated/invalid
fashionrevolution.us14.list-manage.com
fawbushschulz.com,2025-08-02T19:50:51.105924Z,domain deactivated/invalid
ferrero.pl
festplatte24.eu
fgcoc.com,2025-08-24T03:29:29.125037Z,domain valid
fgcu.digital.flvc.org
finanzen.sachsen.de
finibee.de
firecrawl.dev
flnmar.com
flyinginkpot.com,2025-08-02T20:21:34.321769Z,domain deactivated/invalid
foodpolitic.com,2025-08-02T20:21:07.757463Z,domain deactivated/invalid
foreverhomemovie.com
formaldehyde.org
fp.livedoor.com,2025-08-24T03:02:44.527008Z,domain deactivated/invalid
fr.tzembassy.go.tz
fx.monisnap.com
fydcoin.com,2025-08-24T02:18:08.251157Z,domain deactivated/invalid
gapuppiesonline.com
gargola.potenciando.com,2025-08-02T20:02:35.600318Z,domain deactivated/invalid
gari.info,2025-08-23T22:27:40.454938Z,domain deactivated/invalid
garyknight.org,2025-08-23T22:26:12.561510Z,domain deactivated/invalid
gbnames.publicprofiler.org,2025-08-23T22:46:58.544325Z,domain deactivated/invalid
genealogi.se
getonthebus.us,2025-08-24T02:19:12.862429Z,domain deactivated/invalid
git.cromer.cl,2025-08-23T23:42:24.661071Z,domain deactivated/invalid
glitterwhereshegoes.com
goindiastocks.com
goldsmiths.ac.uk,2025-08-02T20:33:33.439492Z,domain deactivated/invalid
gregveramendi.github.io
gruvstugan.com
gypsyfarmgirl.net
heatherweber.substack.com,2025-08-23T23:37:12.273029Z,domain valid
helivideo.rs,2025-08-02T19:51:25.219342Z,domain deactivated/invalid
hempsteadcountyar.com,2025-08-23T22:44:57.873095Z,domain deactivated/invalid
herteleo.de
hi88.ceo,2025-08-23T22:53:09.041600Z,domain deactivated/invalid
highways.org
himexam.net,2025-08-23T22:53:35.320246Z,domain valid
historia-religiones.com.ar,2025-08-23T23:18:04.667028Z,domain deactivated/invalid
hkstory.substack.com
homesickthemovie.com,2025-08-23T22:53:00.241249Z,domain deactivated/invalid
hostgatordiscounts.com,2025-08-23T22:43:53.935417Z,domain deactivated/invalid
html5awesome.com
humboldtbay.org
hybridtonative.com
i.s-madewell.com
ibnutaimiyah.sch.id
ibuypc.in
ichhi.org,2025-08-24T03:13:05.728928Z,domain deactivated/invalid
ichlesepodcast.podigee.io,2025-08-23T22:23:26.133744Z,domain deactivated/invalid
ieseduardovalencia.com,2025-08-24T03:02:35.643358Z,domain deactivated/invalid
img256.echo.cx,2025-08-23T23:47:34.334984Z,domain deactivated/invalid
imprintblog.ir,2025-08-02T19:56:51.767142Z,domain deactivated/invalid
inbloomcookingschool.com,2025-08-02T20:24:40.813856Z,domain deactivated/invalid
incentivecentral.org,2025-08-02T19:50:03.902684Z,domain deactivated/invalid
index.php,2025-08-24T03:28:27.625970Z,domain deactivated/invalid
infosurhoy.com
instapaper.com,2025-08-02T20:23:13.889674Z,domain deactivated/invalid
instax.sg
instituty.fsv.cuni.cz,2025-08-23T22:51:19.918785Z,domain deactivated/invalid
isde-japan.net,2025-08-23T23:42:12.264897Z,domain deactivated/invalid
itusnetworks.com,2025-08-23T23:44:44.322361Z,domain deactivated/invalid
izkt.uni-stuttgart.de
jacksoncarnegie.com,2025-08-24T03:32:47.310978Z,domain valid
javascriptwebscrapingguy.com
jeppestricker.substack.com,2025-08-02T20:23:57.979830Z,domain deactivated/invalid
jffh.de
jingwu.nl,2025-08-23T23:45:14.346794Z,domain deactivated/invalid
jiny.hojin.io,2025-08-24T03:09:25.168051Z,domain deactivated/invalid
jkdhs.org,2025-08-23T22:52:01.121212Z,domain deactivated/invalid
jnews.ge
jstage.jst.go.jp
judebert.com
juliettesobanet.com,2025-08-02T19:50:28.869047Z,domain deactivated/invalid
kaijansson.com
kampotcity.com,2025-08-02T20:21:42.647970Z,domain deactivated/invalid
kaspersky.dk
kaylelarkin.com,2025-08-23T23:14:32.328495Z,domain valid
kd-volume6.tk
kredit-nalichnimi.narod.ru
krems-kaernten.gv.at,2025-08-23T22:51:43.207895Z,domain deactivated/invalid
l4ca.org
lada-kalina.ru,2025-08-23T22:24:31.137656Z,domain deactivated/invalid
lapatriedalfriul.org
lareunion4science.org,2025-08-24T02:19:26.009386Z,domain deactivated/invalid
lasseters.com.au
latestjobz.info
leadersedge.com
learn2prog.ru,2025-08-23T23:48:39.675014Z,domain deactivated/invalid
lego-star-wars-promo-codes.aayyy.com
lelanternon.com,2025-08-23T22:25:55.340721Z,domain deactivated/invalid
lemondynyc.com,2025-08-23T22:27:05.728954Z,domain deactivated/invalid
letitwine.com,2025-08-02T21:07:46.915712Z,domain deactivated/invalid
littoral.ifen.fr,2025-08-02T20:22:46.219498Z,domain deactivated/invalid
liupalmer.libguides.com,2025-08-23T22:45:06.887361Z,domain deactivated/invalid
live.tchelinux.org,2025-08-23T23:12:55.656913Z,domain deactivated/invalid
lmbt.org,2025-08-23T22:50:39.123679Z,domain deactivated/invalid
lmcpay.touchnpay.fr
login.proxy.libraries.smu.edu
logoeps.net
lolajournal.com
ludoversum.de,2025-08-23T23:47:42.920322Z,domain deactivated/invalid
m.rtvonline.com
madori-advice.com,2025-08-23T22:24:13.176973Z,domain deactivated/invalid
maerchen.phantasieblogs.de,2025-08-23T22:44:36.027843Z,domain deactivated/invalid
maesaone.com,2025-08-23T22:32:33.691897Z,domain deactivated/invalid
maheshba.bitbucket.io,2025-08-24T02:27:53.959703Z,domain deactivated/invalid
maidenlaneevents.com
mailxrz.ga,2025-08-23T23:44:35.821023Z,domain deactivated/invalid
maryland.va.gov,2025-08-23T22:30:44.777496Z,domain deactivated/invalid
matthieugomez.com
maxxium.com,2025-08-23T23:42:47.006239Z,domain deactivated/invalid
meinekfzversicherung.club
meisterdrucke.de,2025-08-02T20:22:29.465855Z,domain valid
members.incomeschool.com
meredith.edu,2025-08-24T03:29:07.708086Z,domain deactivated/invalid
messenger.ie
mestien.com,2025-08-02T21:08:10.170136Z,domain deactivated/invalid
meta.uncyclomedia.org
meteored.cl
mhra-gov.filecamp.com,2025-08-23T22:52:23.733850Z,domain deactivated/invalid
milerrunning.com,2025-08-02T21:07:30.205367Z,domain deactivated/invalid
mksports.to,2025-08-23T22:31:02.173328Z,domain deactivated/invalid
models.firecrawl
morsa.com
motionrevue.cz,2025-08-02T19:51:33.526177Z,domain deactivated/invalid
mtkakao.com,2025-08-23T23:18:33.323517Z,domain deactivated/invalid
murphycahill.wikipublicity.com
myservices-isd.uk.4me.com,2025-08-02T21:08:40.831111Z,domain deactivated/invalid
narodovmnogo-omsk.ru
ncrservices.co.za
ngsba.org,2025-08-23T23:48:00.109211Z,domain deactivated/invalid
nicolaanthony.co.uk,2025-08-24T03:09:48.896711Z,domain deactivated/invalid
nikolaskerl.us2.list-manage.com,2025-08-24T03:09:57.768651Z,domain deactivated/invalid
nomad.ba
noodles-free-codes.aayyy.com,2025-08-02T19:50:37.206777Z,domain deactivated/invalid
novalogic.com
nrlwheelchair.com.au
oconnorauctiongroup.com
oercamp.mixxt.de,2025-08-23T23:12:06.801451Z,domain deactivated/invalid
ofsf.or.jp,2025-08-23T22:45:23.924399Z,domain deactivated/invalid
onefootballforum.co.uk
ontology.buffalo.edu,2025-08-02T21:07:03.031690Z,domain deactivated/invalid
opencheck.is,2025-08-02T21:08:57.499788Z,domain deactivated/invalid
ourgardenapp.com
ozgunkultekin.medium.com
p.rfer.us
pacificcoastnewsonline.com
packlab.mcgill.ca,2025-08-02T20:23:49.678097Z,domain deactivated/invalid
packlightlivewell.substack.com
pamplonita.colciencias.gov.co,2025-08-23T22:31:54.552190Z,domain deactivated/invalid
panchamonline.com
paste.xogium.me
paulusgemeinde-zehlendorf.de,2025-08-23T22:51:34.387946Z,domain valid
philipmorganconsulting.com,2025-08-23T22:50:33.600149Z,domain valid
plank.it
platypusinnovation.blogspot.co.uk,2025-08-23T22:30:01.386109Z,domain deactivated/invalid
pol.org.pl
pr3583--matrix-org-previews.netlify.app,2025-08-02T20:22:54.526595Z,domain deactivated/invalid
prediksiforex.com
preparedcitizenstg.com
princeresortonline.com
privacy-policy.html
projectskydrop.com,2025-08-23T22:45:54.246045Z,domain deactivated/invalid
provadentademnaturals.godaddysites.com,2025-08-23T23:48:56.744683Z,domain deactivated/invalid
ps2cover.com,2025-08-23T22:26:30.358153Z,domain deactivated/invalid
qlectives.eu,2025-08-02T21:07:38.564845Z,domain deactivated/invalid
race-clicker-redemption-codess.aayyy.com,2025-08-23T22:24:48.654558Z,domain deactivated/invalid
radiofiestamexny.com,2025-08-23T23:37:52.762231Z,domain deactivated/invalid
raimundspiele.at,2025-08-23T23:45:05.837716Z,domain deactivated/invalid
rebeccalongbailey.com
recognitionrobotics.com
regionklewenalp.ch,2025-08-23T22:27:14.557327Z,domain deactivated/invalid
relayrobotics.com,2025-08-23T22:23:34.834278Z,domain deactivated/invalid
repositorio.uco.edu.co,2025-08-23T22:49:32.319320Z,domain valid
revibeenergy.com
richelledevoe.com,2025-08-23T22:23:51.989516Z,domain deactivated/invalid
rickysnyc.com
rightmetric.co,2025-08-23T22:50:47.820398Z,domain deactivated/invalid
rivoluzioneanarchica.it
rleeperdata.com,2025-08-23T22:32:24.723001Z,domain deactivated/invalid
rmgroup.ch
robblisscreative.com,2025-08-23T23:47:51.443171Z,domain deactivated/invalid
robotdigg.com,2025-08-02T20:23:32.959969Z,domain valid
rondevanvlaanderenlive.be
saconnects.org,2025-08-02T04:00:40.478941Z,domain deactivated/invalid
sadc-cae.ca,2025-08-23T22:24:04.408514Z,domain deactivated/invalid
saifs.ai
samanthaleighallen.com,2025-08-02T20:23:41.270922Z,domain deactivated/invalid
sanjar.ca,2025-08-02T21:08:49.184479Z,domain deactivated/invalid
sapphire-creek.com
sbg.arbeiterkammer.at
scamblox.io
schnarr.eu
schools.nationaltheatre.org.uk
se.cuhk.edu.hk,2025-08-23T23:11:55.770593Z,domain deactivated/invalid
search.archives.jdc.org,2025-08-23T22:52:09.768201Z,domain deactivated/invalid
segurodeautojacksonvillefl.com,2025-08-23T22:32:46.950776Z,domain deactivated/invalid
seo-prodvijenie-v-msk.ru,2025-08-23T23:15:58.627375Z,domain deactivated/invalid
servizap.com,2025-08-23T22:30:18.941625Z,domain deactivated/invalid
shahmaedits.xyz,2025-08-24T02:17:59.296374Z,domain deactivated/invalid
shuowen.org
sidehustleherclub.com
sikkim.com,2025-08-23T23:38:11.968084Z,domain deactivated/invalid
silversurfers.digitalunite.com
six2eleven.net
skagwayrecreation.org,2025-08-24T03:13:29.936482Z,domain valid
skcac.org
slavistenverband.de,2025-08-02T21:07:21.851052Z,domain deactivated/invalid
snaptiks.id
snovidky.eu
socotrahealth.com,2025-08-23T23:17:29.157500Z,domain valid
soulshinepoweryoga.com,2025-08-23T23:13:08.842121Z,domain valid
southseavillage.info,2025-08-23T22:24:22.049234Z,domain deactivated/invalid
srkaidaily.substack.com
startracktours.com
startsat60.com
stateofthechurch.com
stephaniebarron.com
stephenz851fjl1.gigswiki.com,2025-08-23T23:44:57.326667Z,domain deactivated/invalid
straycatblues.org
streetbees.com
studiobabelsberg.us3.list-manage.com,2025-08-24T03:09:39.914332Z,domain deactivated/invalid
submarinehistory.com,2025-08-02T19:49:48.543727Z,domain deactivated/invalid
success.zaius.com,2025-08-02T04:00:48.776095Z,domain deactivated/invalid
sumika.me,2025-08-23T22:46:11.652606Z,domain deactivated/invalid
suvie.com,2025-08-23T23:48:08.808733Z,domain deactivated/invalid
swingscoffee.com
swww.diva-gis.org,2025-08-02T20:24:32.526592Z,domain deactivated/invalid
sysko.cz,2025-08-23T22:26:48.089289Z,domain deactivated/invalid
taking.care,2025-08-02T20:24:27.208007Z,domain deactivated/invalid
tarragona-goig.org,2025-08-02T21:08:15.757798Z,domain deactivated/invalid
tastytrip.com
tdarsenal.ru
teatroastros.com.ar
telsiai.lt,2025-08-23T22:50:56.436498Z,domain deactivated/invalid
templedehirschsinai.org,2025-08-23T23:48:31.075218Z,domain deactivated/invalid
tensorlab.net,2025-08-23T22:32:03.065869Z,domain deactivated/invalid
terminali.ir
tescoplc.com,2025-08-02T19:56:10.732437Z,domain valid
texasdaybyday.com
thedevcoach.co.uk
thehoneyfestival.ca,2025-08-23T23:37:17.692430Z,domain deactivated/invalid
theoilyacademy.com,2025-08-23T23:37:35.597550Z,domain deactivated/invalid
theopportunitytrust.org
thetransformationsproject.ue.r.appspot.com
tickets.endemolshine.de
tickettext.co.uk,2025-08-23T23:18:13.464989Z,domain deactivated/invalid
tourisme-antananarivo.com,2025-08-02T21:07:55.247706Z,domain deactivated/invalid
transnetfreightrail-tfr.net,2025-08-23T22:50:09.505601Z,domain deactivated/invalid
travbla.com,2025-08-02T20:33:54.270064Z,domain valid
trippymysttv.newgrounds.com,2025-08-23T21:19:58.038267Z,domain deactivated/invalid
unss.sk,2025-08-02T19:50:12.225381Z,domain deactivated/invalid
us.milliman.com,2025-08-23T21:19:49.428432Z,domain deactivated/invalid
usepasster.com,2025-08-02T20:21:25.959817Z,domain deactivated/invalid
usindhedu.academia.edu,2025-08-23T23:42:38.395174Z,domain deactivated/invalid
valdo19fr.imgbb.com,2025-08-02T21:09:14.679391Z,domain valid
vando.imagequix.com
ven-techsubsea.ca
videos.thinkenvy.com
villadeproosdij.nl
visitheritage.co.uk,2025-08-23T22:24:57.179092Z,domain deactivated/invalid
visitnewportri.org,2025-08-23T22:59:30.346777Z,domain valid
vlany.org
voronezh.tonicsport.ru,2025-08-23T22:30:27.465771Z,domain deactivated/invalid
vpsadminos.org,2025-08-23T22:44:13.738948Z,domain deactivated/invalid
w88.one
warlocksz.edia-game.jp
watkinstapsell.com.au,2025-08-02T20:22:37.783534Z,domain deactivated/invalid
web.eng.tau.ac.il,2025-08-23T23:17:47.446988Z,domain deactivated/invalid
weeazy.com,2025-08-23T22:26:21.472308Z,domain deactivated/invalid
weirdspace.dk,2025-08-23T22:45:15.403935Z,domain deactivated/invalid
werewe3.substack.com,2025-08-02T20:01:23.565537Z,domain valid
whiskeyloosetongue.com,2025-08-23T22:30:10.179665Z,domain deactivated/invalid
whogenkaghoss.themedia.jp,2025-08-24T02:18:46.620550Z,domain deactivated/invalid
wikipulse.herokuapp.com,2025-08-02T20:21:50.965350Z,domain deactivated/invalid
winmachance-casino.fr
womenautomotivesummit.com
wpamurals.org,2025-08-02T19:50:20.552919Z,domain deactivated/invalid
wuildit.com
www.alexanderslostworld.com
www.beppu-ropeway.co.jp
www.bvg-ebe.de,2025-08-23T22:31:28.409743Z,domain deactivated/invalid
www.caffepiazza.com
www.gypsyfarmgirl.net,2025-08-23T22:31:41.530867Z,domain deactivated/invalid
www.izkt.uni-stuttgart.de,2025-08-24T02:07:41.250486Z,domain valid
www.samanthaleighallen.com
www.thefootballforum.net
www2.town.komono.mie.jp
x17online.com
xcaonline1731785794.website3.me
xweave.io
yamaguchi-u.ac.jp
yauzaforum.ru,2025-08-02T20:52:00.344228Z,domain deactivated/invalid
yokidolls.com
youtubevanceds.imgbb.com,2025-08-23T22:25:46.700026Z,domain deactivated/invalid
z93.fm
zenith-sothebysrealty.com
zhquiz.cc
zoom.com,2025-08-23T23:49:05.274180Z,domain deactivated/invalid
